{"cameraMode":{"drawMode":0,"name":"Shaded","section":"Shading Mode"},"sceneLighting":true,"audioPlay":false,"sceneViewState":{"m_AlwaysRefresh":false,"showFog":true,"showSkybox":true,"showFlares":true,"showImageEffects":true,"showParticleSystems":true,"showVisualEffectGraphs":true,"m_FxEnabled":true},"in2DMode":false,"pivot":{"x":-30.934917449951173,"y":3.93696928024292,"z":-1.0387364625930787},"rotation":{"x":-0.04739470034837723,"y":0.5745104551315308,"z":0.033271100372076038,"w":0.8167126178741455},"size":0.8660253882408142,"orthographic":false}